{"cameraMode":{"drawMode":0,"name":"Shaded","section":"Shading Mode"},"sceneLighting":true,"audioPlay":false,"sceneViewState":{"m_AlwaysRefresh":false,"showFog":true,"showSkybox":true,"showFlares":true,"showImageEffects":true,"showParticleSystems":true,"showVisualEffectGraphs":true,"m_FxEnabled":true},"in2DMode":false,"pivot":{"x":16.87444496154785,"y":1.0111422538757325,"z":-18.147090911865236},"rotation":{"x":0.22362825274467469,"y":-0.10212518274784088,"z":0.023572102189064027,"w":0.9690130949020386},"size":8.598288536071778,"orthographic":false}